[
  {
    "id" : "hl7.eu.fhir.xt-ehr.metadata",
    "type" : "ImplementationGuide",
    "url" : "https://www.xt-ehr.eu/specifications/fhir/ImplementationGuide/hl7.eu.fhir.xt-ehr.metadata",
    "version" : "0.1.0",
    "name" : "XtEHRMetadata"
  },
  {
    "id" : "EHDSAttachment",
    "type" : "StructureDefinition",
    "url" : "https://www.xt-ehr.eu/specifications/fhir/StructureDefinition/EHDSAttachment",
    "version" : "0.1.0",
    "name" : "EHDSAttachment"
  },
  {
    "id" : "EHDSData",
    "type" : "StructureDefinition",
    "url" : "https://www.xt-ehr.eu/specifications/fhir/StructureDefinition/EHDSData",
    "version" : "0.1.0",
    "name" : "EHDSDataSet"
  },
  {
    "id" : "EHDSDocument",
    "type" : "StructureDefinition",
    "url" : "https://www.xt-ehr.eu/specifications/fhir/StructureDefinition/EHDSDocument",
    "version" : "0.1.0",
    "name" : "EHDSDocument"
  },
  {
    "id" : "EHDSHealthProfessional",
    "type" : "StructureDefinition",
    "url" : "https://www.xt-ehr.eu/specifications/fhir/StructureDefinition/EHDSHealthProfessional",
    "version" : "0.1.0",
    "name" : "EHDSHealthProfessional"
  },
  {
    "id" : "EHDSOrganization",
    "type" : "StructureDefinition",
    "url" : "https://www.xt-ehr.eu/specifications/fhir/StructureDefinition/EHDSOrganization",
    "version" : "0.1.0",
    "name" : "EHDSOrganization"
  },
  {
    "id" : "EHDSPatient",
    "type" : "StructureDefinition",
    "url" : "https://www.xt-ehr.eu/specifications/fhir/StructureDefinition/EHDSPatient",
    "version" : "0.1.0",
    "name" : "EHDSPatient"
  },
  {
    "id" : "EHDSStructuredData",
    "type" : "StructureDefinition",
    "url" : "https://www.xt-ehr.eu/specifications/fhir/StructureDefinition/EHDSStructuredData",
    "version" : "0.1.0",
    "name" : "EHDSStructuredData"
  }
]
