"Profile","Id","Path","Slice Name","Alias(s)","Label","Min","Max","Must Support?","Is Modifier?","Is Summary?","Type(s)","Short","Definition","Comments","Requirements","Default Value","Meaning When Missing","Fixed Value","Pattern","Example","Minimum Value","Maximum Value","Maximum Length","Binding Strength","Binding Description","Binding Value Set","Code","Slicing Discriminator","Slicing Description","Slicing Ordered","Slicing Rules","Base Path","Base Min","Base Max","Condition(s)","Constraint(s)"
"EHDSAttachment","EHDSAttachment","EHDSAttachment","","","",0,*,"","","","null {[]} {[]}
","Attachment model","EHDS refined base model for This type is for containing or referencing attachments - additional data content defined in other formats. The most common use of this type is to include images or reports in some report format such as PDF. However, it can be used for any data that has a MIME type.","","","","","","","","","",,,,,"",,,,"Base",0,*,"",""
"EHDSAttachment","EHDSAttachment.contentType","EHDSAttachment.contentType","","","",0,1,"","","","CodeableConcept {[]} {[]}
","Mime type of the content, with charset etc.","Mime type of the content, with charset etc.","","","","","","","","","",,"preferred","BCP-13","","",,,,"EHDSAttachment.contentType",0,1,"",""
"EHDSAttachment","EHDSAttachment.language","EHDSAttachment.language","","","",0,1,"","","","CodeableConcept {[]} {[]}
","Human language of the content","Human language of the content","","","","","","","","","",,"preferred","BCP 47","","",,,,"EHDSAttachment.language",0,1,"",""
"EHDSAttachment","EHDSAttachment.data","EHDSAttachment.data","","","",0,1,"","","","base64Binary {[]} {[]}
","The actual data of the attachment - a sequence of bytes, base64 encoded.","The actual data of the attachment - a sequence of bytes, base64 encoded.","","","","","","","","","",,,,,"",,,,"EHDSAttachment.data",0,1,"",""
"EHDSAttachment","EHDSAttachment.url","EHDSAttachment.url","","","",0,1,"","","","uri {[]} {[]}
","A location where the data can be accessed.","A location where the data can be accessed.","","","","","","","","","",,,,,"",,,,"EHDSAttachment.url",0,1,"",""
"EHDSData","EHDSData","EHDSData","","","",0,*,"","","","null {[]} {[]}
","Resource header model","Common header elements for all structured EHDS data exchange.","","","","","","","","","",,,,,"",,,,"Base",0,*,"",""
"EHDSData","EHDSData.metadata","EHDSData.metadata","","","",1,1,"","","","Base {[]} {[]}
","Metadata","Metadata grouper","","","","","","","","","",,,,,"",,,,"EHDSData.metadata",1,1,"",""
"EHDSData","EHDSData.metadata.identifier","EHDSData.metadata.identifier","","","",0,*,"","","","Identifier {[]} {[]}
","Document ID","Unique identifier of the data object","","","","","","","","","",,,,,"",,,,"EHDSData.metadata.identifier",0,*,"",""
"EHDSData","EHDSData.metadata.subject","EHDSData.metadata.subject","","","",1,1,"","","","https://www.xt-ehr.eu/specifications/fhir/StructureDefinition/EHDSPatient {[]} {[]}
","Subject","Patient/subject information","","","","","","","","","",,,,,"",,,,"EHDSData.metadata.subject",1,1,"",""
"EHDSData","EHDSData.metadata.authorship","EHDSData.metadata.authorship","","","",1,*,"","","","Base {[]} {[]}
","Authorship","Document/resource authoring details","","","","","","","","","",,,,,"",,,,"EHDSData.metadata.authorship",1,*,"",""
"EHDSData","EHDSData.metadata.authorship.author","EHDSData.metadata.authorship.author","","","",1,1,"","","","https://www.xt-ehr.eu/specifications/fhir/StructureDefinition/EHDSHealthProfessional {[]} {[]}
","Author","Author by whom the resource was/were authored. Multiple authors could be provided.","","","","","","","","","",,,,,"",,,,"EHDSData.metadata.authorship.author",1,1,"",""
"EHDSData","EHDSData.metadata.authorship.datetime","EHDSData.metadata.authorship.datetime","","","",1,1,"","","","dateTime {[]} {[]}
","Date and time of authoring/issuing","Date and time of the issuing the document/resource by its author.","","","","","","","","","",,,,,"",,,,"EHDSData.metadata.authorship.datetime",1,1,"",""
"EHDSData","EHDSData.metadata.lastUpdate","EHDSData.metadata.lastUpdate","","","",0,1,"","","","dateTime {[]} {[]}
","Date and time of the last update to the resource","Date and time of the last update to the document/information","","","","","","","","","",,,,,"",,,,"EHDSData.metadata.lastUpdate",0,1,"",""
"EHDSData","EHDSData.metadata.status","EHDSData.metadata.status","","","",1,1,"","","","CodeableConcept {[]} {[]}
","Status of the resource","Status of the resource","","","","","","","","","",,,,,"",,,,"EHDSData.metadata.status",1,1,"",""
"EHDSData","EHDSData.metadata.statusReason","EHDSData.metadata.statusReason","","","",0,1,"","","","CodeableConcept {[]} {[]}
","Reason for the status of the resource","Reason for the status of the resource","","","","","","","","","",,,,,"",,,,"EHDSData.metadata.statusReason",0,1,"",""
"EHDSData","EHDSData.metadata.version","EHDSData.metadata.version","","","",0,1,"","","","string {[]} {[]}
","Version","Business version of the resource.","","","","","","","","","",,,,,"",,,,"EHDSData.metadata.version",0,1,"",""
"EHDSData","EHDSData.metadata.language","EHDSData.metadata.language","","","",0,1,"","","","CodeableConcept {[]} {[]}
","Language","Language in which the resource is written. Language is expressed by the IETF language tag.","","","","","","","","","",,"preferred","BCP 47","","",,,,"EHDSData.metadata.language",0,1,"",""
"EHDSData","EHDSData.presentedForm","EHDSData.presentedForm","","","",0,*,"","","","https://www.xt-ehr.eu/specifications/fhir/StructureDefinition/EHDSAttachment {[]} {[]}
","The human-readable representation of the data set","The human-readable representation of the data set","","","","","","","","","",,,,,"",,,,"EHDSData.presentedForm",0,*,"",""
"EHDSDocument","EHDSDocument","EHDSDocument","","","",0,*,"","","","null {[]} {[]}
","Common model for EHDS document exchange","Common header elements for all EHDS document exchange.","","","","","","","","","",,,,,"",,,,"Base",0,*,"",""
"EHDSDocument","EHDSDocument.metadata","EHDSDocument.metadata","","","",1,1,"","","","Base {[]} {[]}
","Metadata","Metadata grouper","","","","","","","","","",,,,,"",,,,"EHDSData.metadata",1,1,"",""
"EHDSDocument","EHDSDocument.metadata.identifier","EHDSDocument.metadata.identifier","","","",1,*,"","","","Identifier {[]} {[]}
","Document ID","Unique identifier of the data object","","","","","","","","","",,,,,"",,,,"EHDSData.metadata.identifier",0,*,"",""
"EHDSDocument","EHDSDocument.metadata.subject","EHDSDocument.metadata.subject","","","",1,1,"","","","https://www.xt-ehr.eu/specifications/fhir/StructureDefinition/EHDSPatient {[]} {[]}
","Subject","Patient/subject information","","","","","","","","","",,,,,"",,,,"EHDSData.metadata.subject",1,1,"",""
"EHDSDocument","EHDSDocument.metadata.authorship","EHDSDocument.metadata.authorship","","","",1,*,"","","","Base {[]} {[]}
","Authorship","Document/resource authoring details","","","","","","","","","",,,,,"",,,,"EHDSData.metadata.authorship",1,*,"",""
"EHDSDocument","EHDSDocument.metadata.authorship.author","EHDSDocument.metadata.authorship.author","","","",1,1,"","","","https://www.xt-ehr.eu/specifications/fhir/StructureDefinition/EHDSHealthProfessional {[]} {[]}
","Author","Author by whom the resource was/were authored. Multiple authors could be provided.","","","","","","","","","",,,,,"",,,,"EHDSData.metadata.authorship.author",1,1,"",""
"EHDSDocument","EHDSDocument.metadata.authorship.datetime","EHDSDocument.metadata.authorship.datetime","","","",1,1,"","","","dateTime {[]} {[]}
","Date and time of authoring/issuing","Date and time of the issuing the document/resource by its author.","","","","","","","","","",,,,,"",,,,"EHDSData.metadata.authorship.datetime",1,1,"",""
"EHDSDocument","EHDSDocument.metadata.lastUpdate","EHDSDocument.metadata.lastUpdate","","","",0,1,"","","","dateTime {[]} {[]}
","Date and time of the last update to the resource","Date and time of the last update to the document/information","","","","","","","","","",,,,,"",,,,"EHDSData.metadata.lastUpdate",0,1,"",""
"EHDSDocument","EHDSDocument.metadata.status","EHDSDocument.metadata.status","","","",1,1,"","","","CodeableConcept {[]} {[]}
","Status of the resource","Status of the resource","","","","","","","","","",,,,,"",,,,"EHDSData.metadata.status",1,1,"",""
"EHDSDocument","EHDSDocument.metadata.statusReason","EHDSDocument.metadata.statusReason","","","",0,1,"","","","CodeableConcept {[]} {[]}
","Reason for the status of the resource","Reason for the status of the resource","","","","","","","","","",,,,,"",,,,"EHDSData.metadata.statusReason",0,1,"",""
"EHDSDocument","EHDSDocument.metadata.version","EHDSDocument.metadata.version","","","",0,1,"","","","string {[]} {[]}
","Version","Business version of the resource.","","","","","","","","","",,,,,"",,,,"EHDSData.metadata.version",0,1,"",""
"EHDSDocument","EHDSDocument.metadata.language","EHDSDocument.metadata.language","","","",0,1,"","","","CodeableConcept {[]} {[]}
","Language","Language in which the resource is written. Language is expressed by the IETF language tag.","","","","","","","","","",,"preferred","BCP 47","","",,,,"EHDSData.metadata.language",0,1,"",""
"EHDSDocument","EHDSDocument.presentedForm","EHDSDocument.presentedForm","","","",0,*,"","","","https://www.xt-ehr.eu/specifications/fhir/StructureDefinition/EHDSAttachment {[]} {[]}
","The human-readable representation of the data set","The human-readable representation of the data set","","","","","","","","","",,,,,"",,,,"EHDSData.presentedForm",0,*,"",""
"EHDSDocument","EHDSDocument.subject","EHDSDocument.subject","","","",1,1,"","","","https://www.xt-ehr.eu/specifications/fhir/StructureDefinition/EHDSPatient {[]} {[]}
","Subject","Patient/subject information","","","","","","","","","",,,,,"",,,,"EHDSStructuredData.subject",1,1,"",""
"EHDSDocument","EHDSDocument.authorship","EHDSDocument.authorship","","","",1,*,"","","","Base {[]} {[]}
","Authorship","Document/resource authoring details","","","","","","","","","",,,,,"",,,,"EHDSStructuredData.authorship",1,*,"",""
"EHDSDocument","EHDSDocument.authorship.author","EHDSDocument.authorship.author","","","",1,1,"","","","https://www.xt-ehr.eu/specifications/fhir/StructureDefinition/EHDSHealthProfessional {[]} {[]}
","Author","Author by whom the resource was/were authored. Multiple authors could be provided.","","","","","","","","","",,,,,"#A.1.6.1
",,,,"EHDSStructuredData.authorship.author",1,1,"",""
"EHDSDocument","EHDSDocument.authorship.datetime","EHDSDocument.authorship.datetime","","","",1,1,"","","","dateTime {[]} {[]}
","Date and time of authoring/issuing","Date and time of the issuing the document/resource by its author.","","","","","","","","","",,,,,"#A.1.6.2
",,,,"EHDSStructuredData.authorship.datetime",1,1,"",""
"EHDSDocument","EHDSDocument.lastUpdate","EHDSDocument.lastUpdate","","","",0,1,"","","","dateTime {[]} {[]}
","Date and time of the last update to the resource","Date and time of the last update to the document/information","","","","","","","","","",,,,,"",,,,"EHDSStructuredData.lastUpdate",0,1,"",""
"EHDSDocument","EHDSDocument.status","EHDSDocument.status","","","",1,1,"","","","CodeableConcept {[]} {[]}
","Status of the resource","Status of the resource","","","","","","","","","",,,,,"",,,,"EHDSStructuredData.status",1,1,"",""
"EHDSDocument","EHDSDocument.language","EHDSDocument.language","","","",0,1,"","","","CodeableConcept {[]} {[]}
","Language","Language in which the resource is written. Language is expressed by the IETF language tag.","","","","","","","","","",,"preferred","BCP 47","","#A.1.9.12
",,,,"EHDSStructuredData.language",0,1,"",""
"EHDSDocument","EHDSDocument.version","EHDSDocument.version","","","",0,1,"","","","string {[]} {[]}
","Version","Business version of the resource.","","","","","","","","","",,,,,"",,,,"EHDSStructuredData.version",0,1,"",""
"EHDSDocument","EHDSDocument.documentType","EHDSDocument.documentType","","","",1,1,"","","","CodeableConcept {[]} {[]}
","Document type","Identifies the type of document at hand, e.g. Hospital discharge report.","","","","","","","","","",,"preferred","LOINC","","",,,,"EHDSDocument.documentType",1,1,"",""
"EHDSDocument","EHDSDocument.eventType","EHDSDocument.eventType","","","",0,*,"","","","CodeableConcept {[]} {[]}
","Event type","Categorization of the event covered by the document (e.g. laboratory study types, imaging study types including modality, etc.). Selection of such tags or labels depends on the use case and agreement betwen data sharing parties. This meta-data element serves primarily for searching and filtering purpuses.","","","","","","","","","",,"preferred","LOINC, SNOMED CT, dicom-cid-33-Modality","","",,,,"EHDSDocument.eventType",0,*,"",""
"EHDSDocument","EHDSDocument.documentTitle","EHDSDocument.documentTitle","","","",1,1,"","","","string {[]} {[]}
","Document title","Document title, such as Hospital Discharge Report, Laboratory Result Report, etc.","","","","","","","","","",,,,,"",,,,"EHDSDocument.documentTitle",1,1,"",""
"EHDSDocument","EHDSDocument.period","EHDSDocument.period","","","",0,1,"","","","Period {[]} {[]}
","Period","Time of service that is being documented","","","","","","","","","",,,,,"",,,,"EHDSDocument.period",0,1,"",""
"EHDSDocument","EHDSDocument.attestation","EHDSDocument.attestation","","","",0,*,"","","","Base {[]} {[]}
","Attestation","Document attestation details","","","","","","","","","",,,,,"",,,,"EHDSDocument.attestation",0,*,"",""
"EHDSDocument","EHDSDocument.attestation.attester","EHDSDocument.attestation.attester","","","",1,1,"","","","https://www.xt-ehr.eu/specifications/fhir/StructureDefinition/EHDSHealthProfessional {[]} {[]}
","Attester","Attester who validated the document. Mulitple attesters could be provided.","","","","","","","","","",,,,,"",,,,"EHDSDocument.attestation.attester",1,1,"",""
"EHDSDocument","EHDSDocument.attestation.datetime","EHDSDocument.attestation.datetime","","","",1,1,"","","","dateTime {[]} {[]}
","DateTime","Date and time of the approval of the document by Attester.","","","","","","","","","",,,,,"",,,,"EHDSDocument.attestation.datetime",1,1,"",""
"EHDSDocument","EHDSDocument.legalAuthentication","EHDSDocument.legalAuthentication","","","",0,1,"","","","Base {[]} {[]}
","Legal authentication","Document legal authentication","","","","","","","","","",,,,,"",,,,"EHDSDocument.legalAuthentication",0,1,"",""
"EHDSDocument","EHDSDocument.legalAuthentication.legalAuthenticator","EHDSDocument.legalAuthentication.legalAuthenticator","","","",1,1,"","","","https://www.xt-ehr.eu/specifications/fhir/StructureDefinition/EHDSHealthProfessional {[]} {[]}
","Legal authenticator","The person taking responsibility for the medical content of the document","","","","","","","","","",,,,,"",,,,"EHDSDocument.legalAuthentication.legalAuthenticator",1,1,"",""
"EHDSDocument","EHDSDocument.legalAuthentication.datetime","EHDSDocument.legalAuthentication.datetime","","","",1,1,"","","","dateTime {[]} {[]}
","DateTime","Date and time when the document was authorized.","","","","","","","","","",,,,,"",,,,"EHDSDocument.legalAuthentication.datetime",1,1,"",""
"EHDSDocument","EHDSDocument.authorSpecialty","EHDSDocument.authorSpecialty","","","",0,*,"","","","CodeableConcept {[]} {[]}
","Specialty","Additional details about where the content was created (e.g. clinical specialty)","","","","","","","","","",,"preferred","SNOMED CT","","",,,,"EHDSDocument.authorSpecialty",0,*,"",""
"EHDSDocument","EHDSDocument.custodian","EHDSDocument.custodian","","","",1,1,"","","","https://www.xt-ehr.eu/specifications/fhir/StructureDefinition/EHDSOrganization {[]} {[]}
","Document custodian","Organisation that is in charge of maintaining the document/report.","","","","","","","","","",,,,,"",,,,"EHDSDocument.custodian",1,1,"",""
"EHDSDocument","EHDSDocument.documentFormat","EHDSDocument.documentFormat","","","",0,1,"","","","CodeableConcept {[]} {[]}
","Document format","An identifier of the document constraints, encoding, structure, and template that the document conforms to beyond the base format indicated in the mimeType.","","","","","","","","","",,"preferred","HL7 Document Format Codes","","",,,,"EHDSDocument.documentFormat",0,1,"",""
"EHDSDocument","EHDSDocument.knowledgeResources","EHDSDocument.knowledgeResources","","","",0,*,"","","","Base {[]} {[]}
","Related documents and information sources","Related documents and information sources","","","","","","","","","",,,,,"",,,,"EHDSDocument.knowledgeResources",0,*,"",""
"EHDSDocument","EHDSDocument.knowledgeResources.externalReference","EHDSDocument.knowledgeResources.externalReference","","","",0,*,"","","","RelatedArtifact {[]} {[]}
","...","...","","","","","","","","","",,,,,"",,,,"EHDSDocument.knowledgeResources.externalReference",0,*,"",""
"EHDSDocument","EHDSDocument.knowledgeResources.relatedTo","EHDSDocument.knowledgeResources.relatedTo","","","",0,*,"","","","Reference {[]} {[]}
","...","...","","","","","","","","","",,,,,"",,,,"EHDSDocument.knowledgeResources.relatedTo",0,*,"",""
"EHDSHealthProfessional","EHDSHealthProfessional","EHDSHealthProfessional","","","",0,*,"","","","null {[]} {[]}
","Health professional model","C.2 - EHDS refined base model for Health professional (HP) ","","","","","","","","","",,,,,"",,,,"Base",0,*,"",""
"EHDSHealthProfessional","EHDSHealthProfessional.identifier","EHDSHealthProfessional.identifier","","","",0,*,"","","","Identifier {[]} {[]}
","C.2.1 - Identifier","An identifier of the health professional that is unique within a defined scope. Example: National health professional ID. Multiple identifiers could be provided.","","","","","","","","","",,,,,"",,,,"EHDSHealthProfessional.identifier",0,*,"",""
"EHDSHealthProfessional","EHDSHealthProfessional.name","EHDSHealthProfessional.name","","","",0,1,"","","","Base {[]} {[]}
","C.2.2 - Name","Name of the health professional that has been treating or taking responsibility for the patient.[the structure of the name will be the same as for the patient (given name, family name / surname)]","","","","","","","","","",,,,,"",,,,"EHDSHealthProfessional.name",0,1,"",""
"EHDSHealthProfessional","EHDSHealthProfessional.address","EHDSHealthProfessional.address","","","",0,1,"","","","Base {[]} {[]}
","C.2.3 - Address","Mailing and home or office addresses. The addresses are always sequences of address parts (e.g. street address line, country, postcode, city) even if postal address formats may vary depending on the country. An address may or may not include a specific use code; if this attribute is not present it is assumed to be the default address useful for any purpose.","","","","","","","","","",,,,,"",,,,"EHDSHealthProfessional.address",0,1,"",""
"EHDSHealthProfessional","EHDSHealthProfessional.telecom","EHDSHealthProfessional.telecom","","","",0,*,"","","","Base {[]} {[]}
","C.2.4 - Telecom","Telecommunication contact information (addresses) associated with a person, such as phone number, email, or messaging service. Multiple telecommunication addresses might be provided.","","","","","","","","","",,,,,"",,,,"EHDSHealthProfessional.telecom",0,*,"",""
"EHDSHealthProfessional","EHDSHealthProfessional.role","EHDSHealthProfessional.role","","","",0,*,"","","","CodeableConcept {[]} {[]}
","C.2.5 - Role","Health professional role. Multiple roles could be provided.","","","","","","","","","",,"preferred","ISCO, SNOMED CT","","",,,,"EHDSHealthProfessional.role",0,*,"",""
"EHDSHealthProfessional","EHDSHealthProfessional.organization","EHDSHealthProfessional.organization","","","",0,1,"","","","Reference {[]} {[CanonicalType[https://www.xt-ehr.eu/specifications/fhir/StructureDefinition/EHDSOrganization]]}
","C.2.6 - Organization","The organization where this role is available","","","","","","","","","",,,,,"",,,,"EHDSHealthProfessional.organization",0,1,"",""
"EHDSHealthProfessional","EHDSHealthProfessional.specialty","EHDSHealthProfessional.specialty","","","",0,*,"","","","CodeableConcept {[]} {[]}
","C.2.7 - Specialty","The specialty of a practitioner that describes the functional role they are practicing at a given organization","","","","","","","","","",,,,,"",,,,"EHDSHealthProfessional.specialty",0,*,"",""
"EHDSOrganization","EHDSOrganization","EHDSOrganization","","","",0,*,"","","","null {[]} {[]}
","Organization model","C.3 - EHDS refined base model for Health provider or any other type of organization","","","","","","","","","",,,,,"",,,,"Base",0,*,"",""
"EHDSOrganization","EHDSOrganization.identifier","EHDSOrganization.identifier","","","",0,*,"","","","Identifier {[]} {[]}
","C.3.1 - Identifier","Health provider organisation identifier","","","","","","","","","",,,,,"",,,,"EHDSOrganization.identifier",0,*,"",""
"EHDSOrganization","EHDSOrganization.type","EHDSOrganization.type","","","",0,*,"","","","CodeableConcept {[]} {[]}
","C.3.2 - Type","Kind of organization","","","","","","","","","",,"preferred","HL7 organization_type","","",,,,"EHDSOrganization.type",0,*,"",""
"EHDSOrganization","EHDSOrganization.name","EHDSOrganization.name","","","",0,1,"","","","string {[]} {[]}
","C.3.3 - Name","Health provider organisation name","","","","","","","","","",,,,,"",,,,"EHDSOrganization.name",0,1,"",""
"EHDSOrganization","EHDSOrganization.address","EHDSOrganization.address","","","",0,*,"","","","Base {[]} {[]}
","C.3.4 - Address","Mailing and home or office addresses. The addresses are always sequences of address parts (e.g. street address line, country, postcode, city) even if postal address formats may vary depending on the country. An address may or may not include a specific use code; if this attribute is not present it is assumed to be the default address useful for any purpose.","","","","","","","","","",,,,,"",,,,"EHDSOrganization.address",0,*,"",""
"EHDSOrganization","EHDSOrganization.telecom","EHDSOrganization.telecom","","","",0,*,"","","","Base {[]} {[]}
","C.3.5 - Telecom","Telecommunication contact information (addresses) associated with a person, such as phone number, email, or messaging service. Multiple telecommunication addresses might be provided.","","","","","","","","","",,,,,"",,,,"EHDSOrganization.telecom",0,*,"",""
"EHDSOrganization","EHDSOrganization.partOf","EHDSOrganization.partOf","","","",0,1,"","","","Reference {[]} {[CanonicalType[https://www.xt-ehr.eu/specifications/fhir/StructureDefinition/EHDSOrganization]]}
","C.3.6 - Part of","The organization of which this organization forms a part","","","","","","","","","",,,,,"",,,,"EHDSOrganization.partOf",0,1,"",""
"EHDSPatient","EHDSPatient","EHDSPatient","","","",0,*,"","","","null {[]} {[]}
","Patient model","C.1 - EHDS refined base model for Patient/subject information","","","","","","","","","",,,,,"",,,,"Base",0,*,"",""
"EHDSPatient","EHDSPatient.personalIdentifier","EHDSPatient.personalIdentifier","","","",1,*,"","","","Identifier {[]} {[]}
","C.1.1 - Personal identifier","An identifier of the patient that is unique within a defined scope. Example: National ID (birth number) or National patient identifier for the Czech patient. Multiple identifiers could be provided. ","","","","","","","","","",,,,,"",,,,"EHDSPatient.personalIdentifier",1,*,"",""
"EHDSPatient","EHDSPatient.name","EHDSPatient.name","","","",0,*,"","","","Base {[]} {[]}
","C.1.2 - Name","Name associated with the patient/subject. Name might consist of name parts, e.g. Given name or names, family name/surname, name prefix etc.","","","","","","","","","",,,,,"",,,,"EHDSPatient.name",0,*,"",""
"EHDSPatient","EHDSPatient.dateOfBirth","EHDSPatient.dateOfBirth","","","",0,1,"","","","dateTime {[]} {[]}
","C.1.3 - Date of birth","The date of birth of the patient [ISO TS 22220]. As age of the patient might be important for correct interpretation of the test result values, complete date of birth should be provided.","","","","","","","","","",,,,,"",,,,"EHDSPatient.dateOfBirth",0,1,"",""
"EHDSPatient","EHDSPatient.administrativeGender","EHDSPatient.administrativeGender","","","",0,1,"","","","CodeableConcept {[]} {[]}
","C.1.4 - Administrative gender","This field must contain a recognized valid value for ""administrative gender"". If different, ""physiological gender"" should be communicated elsewhere. ","","","","","","","","","",,"preferred","HL7 Administrative Gender","","",,,,"EHDSPatient.administrativeGender",0,1,"",""
"EHDSPatient","EHDSPatient.address","EHDSPatient.address","","","",0,*,"","","","Base {[]} {[]}
","C.1.5 - Address","Mailing and home or office addresses. The addresses are always sequences of address parts (e.g. street address line, country, ZIP code, city) even if postal address formats may vary depending on the country. An address may or may not include a specific use code; if this attribute is not present it is assumed to be the default address useful for any purpose.","","","","","","","","","",,,,,"",,,,"EHDSPatient.address",0,*,"",""
"EHDSPatient","EHDSPatient.telecom","EHDSPatient.telecom","","","",0,*,"","","","Base {[]} {[]}
","C.1.6 - Telecom","Telecommunication contact information (addresses) associated to a person. Multiple telecommunication addresses might be provided.","","","","","","","","","",,,,,"",,,,"EHDSPatient.telecom",0,*,"",""
"EHDSPatient","EHDSPatient.maritalStatus","EHDSPatient.maritalStatus","","","",0,1,"","","","CodeableConcept {[]} {[]}
","C.1.7 - Marital status","Marital (civil) status of a patient","","","","","","","","","",,"preferred","HL7 marital-status","","",,,,"EHDSPatient.maritalStatus",0,1,"",""
"EHDSPatient","EHDSPatient.citizenship","EHDSPatient.citizenship","","","",0,*,"","","","CodeableConcept {[]} {[]}
","C.1.8 - Citizenship (nationality)","Citizenship/nationality of the patient.","","","","","","","","","",,"preferred","ISO 3166-1-2","","",,,,"EHDSPatient.citizenship",0,*,"",""
"EHDSPatient","EHDSPatient.communicationLanguage","EHDSPatient.communicationLanguage","","","",0,*,"","","","CodeableConcept {[]} {[]}
","C.1.9 - Communcation language","The language which can be used to communicate with the patient about his or her health.","","","","","","","","","",,"preferred","BCP 47","","",,,,"EHDSPatient.communicationLanguage",0,*,"",""
"EHDSStructuredData","EHDSStructuredData","EHDSStructuredData","","","",0,*,"","","","null {[]} {[]}
","Resource header model","Common header elements for all structured EHDS data exchange.","","","","","","","","","",,,,,"",,,,"Base",0,*,"",""
"EHDSStructuredData","EHDSStructuredData.metadata","EHDSStructuredData.metadata","","","",1,1,"","","","Base {[]} {[]}
","Metadata","Metadata grouper","","","","","","","","","",,,,,"",,,,"EHDSData.metadata",1,1,"",""
"EHDSStructuredData","EHDSStructuredData.metadata.identifier","EHDSStructuredData.metadata.identifier","","","",0,*,"","","","Identifier {[]} {[]}
","Document ID","Unique identifier of the data object","","","","","","","","","",,,,,"",,,,"EHDSData.metadata.identifier",0,*,"",""
"EHDSStructuredData","EHDSStructuredData.metadata.subject","EHDSStructuredData.metadata.subject","","","",1,1,"","","","https://www.xt-ehr.eu/specifications/fhir/StructureDefinition/EHDSPatient {[]} {[]}
","Subject","Patient/subject information","","","","","","","","","",,,,,"",,,,"EHDSData.metadata.subject",1,1,"",""
"EHDSStructuredData","EHDSStructuredData.metadata.authorship","EHDSStructuredData.metadata.authorship","","","",1,*,"","","","Base {[]} {[]}
","Authorship","Document/resource authoring details","","","","","","","","","",,,,,"",,,,"EHDSData.metadata.authorship",1,*,"",""
"EHDSStructuredData","EHDSStructuredData.metadata.authorship.author","EHDSStructuredData.metadata.authorship.author","","","",1,1,"","","","https://www.xt-ehr.eu/specifications/fhir/StructureDefinition/EHDSHealthProfessional {[]} {[]}
","Author","Author by whom the resource was/were authored. Multiple authors could be provided.","","","","","","","","","",,,,,"",,,,"EHDSData.metadata.authorship.author",1,1,"",""
"EHDSStructuredData","EHDSStructuredData.metadata.authorship.datetime","EHDSStructuredData.metadata.authorship.datetime","","","",1,1,"","","","dateTime {[]} {[]}
","Date and time of authoring/issuing","Date and time of the issuing the document/resource by its author.","","","","","","","","","",,,,,"",,,,"EHDSData.metadata.authorship.datetime",1,1,"",""
"EHDSStructuredData","EHDSStructuredData.metadata.lastUpdate","EHDSStructuredData.metadata.lastUpdate","","","",0,1,"","","","dateTime {[]} {[]}
","Date and time of the last update to the resource","Date and time of the last update to the document/information","","","","","","","","","",,,,,"",,,,"EHDSData.metadata.lastUpdate",0,1,"",""
"EHDSStructuredData","EHDSStructuredData.metadata.status","EHDSStructuredData.metadata.status","","","",1,1,"","","","CodeableConcept {[]} {[]}
","Status of the resource","Status of the resource","","","","","","","","","",,,,,"",,,,"EHDSData.metadata.status",1,1,"",""
"EHDSStructuredData","EHDSStructuredData.metadata.statusReason","EHDSStructuredData.metadata.statusReason","","","",0,1,"","","","CodeableConcept {[]} {[]}
","Reason for the status of the resource","Reason for the status of the resource","","","","","","","","","",,,,,"",,,,"EHDSData.metadata.statusReason",0,1,"",""
"EHDSStructuredData","EHDSStructuredData.metadata.version","EHDSStructuredData.metadata.version","","","",0,1,"","","","string {[]} {[]}
","Version","Business version of the resource.","","","","","","","","","",,,,,"",,,,"EHDSData.metadata.version",0,1,"",""
"EHDSStructuredData","EHDSStructuredData.metadata.language","EHDSStructuredData.metadata.language","","","",0,1,"","","","CodeableConcept {[]} {[]}
","Language","Language in which the resource is written. Language is expressed by the IETF language tag.","","","","","","","","","",,"preferred","BCP 47","","",,,,"EHDSData.metadata.language",0,1,"",""
"EHDSStructuredData","EHDSStructuredData.presentedForm","EHDSStructuredData.presentedForm","","","",0,*,"","","","https://www.xt-ehr.eu/specifications/fhir/StructureDefinition/EHDSAttachment {[]} {[]}
","The human-readable representation of the data set","The human-readable representation of the data set","","","","","","","","","",,,,,"",,,,"EHDSData.presentedForm",0,*,"",""
"EHDSStructuredData","EHDSStructuredData.subject","EHDSStructuredData.subject","","","",1,1,"","","","https://www.xt-ehr.eu/specifications/fhir/StructureDefinition/EHDSPatient {[]} {[]}
","Subject","Patient/subject information","","","","","","","","","",,,,,"",,,,"EHDSStructuredData.subject",1,1,"",""
"EHDSStructuredData","EHDSStructuredData.authorship","EHDSStructuredData.authorship","","","",1,*,"","","","Base {[]} {[]}
","Authorship","Document/resource authoring details","","","","","","","","","",,,,,"",,,,"EHDSStructuredData.authorship",1,*,"",""
"EHDSStructuredData","EHDSStructuredData.authorship.author","EHDSStructuredData.authorship.author","","","",1,1,"","","","https://www.xt-ehr.eu/specifications/fhir/StructureDefinition/EHDSHealthProfessional {[]} {[]}
","Author","Author by whom the resource was/were authored. Multiple authors could be provided.","","","","","","","","","",,,,,"#A.1.6.1
",,,,"EHDSStructuredData.authorship.author",1,1,"",""
"EHDSStructuredData","EHDSStructuredData.authorship.datetime","EHDSStructuredData.authorship.datetime","","","",1,1,"","","","dateTime {[]} {[]}
","Date and time of authoring/issuing","Date and time of the issuing the document/resource by its author.","","","","","","","","","",,,,,"#A.1.6.2
",,,,"EHDSStructuredData.authorship.datetime",1,1,"",""
"EHDSStructuredData","EHDSStructuredData.lastUpdate","EHDSStructuredData.lastUpdate","","","",0,1,"","","","dateTime {[]} {[]}
","Date and time of the last update to the resource","Date and time of the last update to the document/information","","","","","","","","","",,,,,"",,,,"EHDSStructuredData.lastUpdate",0,1,"",""
"EHDSStructuredData","EHDSStructuredData.status","EHDSStructuredData.status","","","",1,1,"","","","CodeableConcept {[]} {[]}
","Status of the resource","Status of the resource","","","","","","","","","",,,,,"",,,,"EHDSStructuredData.status",1,1,"",""
"EHDSStructuredData","EHDSStructuredData.language","EHDSStructuredData.language","","","",0,1,"","","","CodeableConcept {[]} {[]}
","Language","Language in which the resource is written. Language is expressed by the IETF language tag.","","","","","","","","","",,"preferred","BCP 47","","#A.1.9.12
",,,,"EHDSStructuredData.language",0,1,"",""
"EHDSStructuredData","EHDSStructuredData.version","EHDSStructuredData.version","","","",0,1,"","","","string {[]} {[]}
","Version","Business version of the resource.","","","","","","","","","",,,,,"",,,,"EHDSStructuredData.version",0,1,"",""
