"Id","Path","Slice Name","Alias(s)","Label","Min","Max","Must Support?","Is Modifier?","Is Summary?","Type(s)","Short","Definition","Comments","Requirements","Default Value","Meaning When Missing","Fixed Value","Pattern","Example","Minimum Value","Maximum Value","Maximum Length","Binding Strength","Binding Description","Binding Value Set","Code","Slicing Discriminator","Slicing Description","Slicing Ordered","Slicing Rules","Base Path","Base Min","Base Max","Condition(s)","Constraint(s)","Mapping: RIM Mapping"
"EHDSData","EHDSData","","","",0,*,"","","","null {[]} {[]}
","Common model for EHDS data exchange","Common header elements for all EHDS data exchange.","","","","","","","","","",,,,,"",,,,"Base",0,*,"","","n/a"
"EHDSData.identifier","EHDSData.identifier","","","",0,*,"","","","Identifier {[]} {[]}
","Document ID","Unique identifier of the data object","","","","","","","","","",,,,,"",,,,"EHDSData.identifier",0,*,"",""
"EHDSData.patient","EHDSData.patient","","","",0,1,"","","","https://www.xt-ehr.eu/specifications/fhir/StructureDefinition/EHDSPatient {[]} {[]}
","Subject","Patient/subject information","","","","","","","","","",,,,,"",,,,"EHDSData.patient",0,1,"",""
"EHDSData.country","EHDSData.country","","","",0,1,"","","","CodeableConcept {[]} {[]}
","Country","Country of the data exchange initiator.","","","","","","","","","",,,,,"",,,,"EHDSData.country",0,1,"",""
