"Id","Path","Slice Name","Alias(s)","Label","Min","Max","Must Support?","Is Modifier?","Is Summary?","Type(s)","Short","Definition","Comments","Requirements","Default Value","Meaning When Missing","Fixed Value","Pattern","Example","Minimum Value","Maximum Value","Maximum Length","Binding Strength","Binding Description","Binding Value Set","Code","Slicing Discriminator","Slicing Description","Slicing Ordered","Slicing Rules","Base Path","Base Min","Base Max","Condition(s)","Constraint(s)","Mapping: RIM Mapping"
"EHDSDocument","EHDSDocument","","","",0,*,"","","","null {[]} {[]}
","Common model for EHDS document exchange","Common header elements for all EHDS document exchange.","","","","","","","","","",,,,,"",,,,"Base",0,*,"","","n/a"
"EHDSDocument.documentId","EHDSDocument.documentId","","","",1,*,"","","","Identifier {[]} {[]}
","Document ID","Unique identifier of the document","","","","","","","","","",,,,,"",,,,"EHDSDocument.documentId",1,*,"",""
"EHDSDocument.documentType","EHDSDocument.documentType","","","",1,1,"","","","CodeableConcept {[]} {[]}
","Document type","Identifies the type of document at hand, e.g. Hospital discharge report.","","","","","","","","","",,"preferred","LOINC","","",,,,"EHDSDocument.documentType",1,1,"",""
"EHDSDocument.eventType","EHDSDocument.eventType","","","",0,*,"","","","CodeableConcept {[]} {[]}
","Event type","Categorization of the event covered by the document (e.g. laboratory study types, imaging study types including modality, etc.). Selection of such tags or labels depends on the use case and agreement betwen data sharing parties. This meta-data element serves primarily for searching and filtering purpuses.","","","","","","","","","",,"preferred","LOINC, SNOMED CT, dicom-cid-33-Modality","","",,,,"EHDSDocument.eventType",0,*,"",""
"EHDSDocument.documentTitle","EHDSDocument.documentTitle","","","",1,1,"","","","string {[]} {[]}
","Document title","Document title, such as Hospital Discharge Report, Laboratory Result Report, etc.","","","","","","","","","",,,,,"",,,,"EHDSDocument.documentTitle",1,1,"",""
"EHDSDocument.documentStatus","EHDSDocument.documentStatus","","","",1,1,"","","","CodeableConcept {[]} {[]}
","Document status","The status of the Hospital discharge report. E.g., preliminary, final.","","","","","","","","","",,"preferred","hl7:CompositionStatus","","",,,,"EHDSDocument.documentStatus",1,1,"",""
"EHDSDocument.period","EHDSDocument.period","","","",0,1,"","","","Period {[]} {[]}
","Period","Time of service that is being documented","","","","","","","","","",,,,,"",,,,"EHDSDocument.period",0,1,"",""
"EHDSDocument.issuedDateTime","EHDSDocument.issuedDateTime","","","",1,1,"","","","dateTime {[]} {[]}
","Report date and time","Date and time of the report creation.","","","","","","","","","",,,,,"",,,,"EHDSDocument.issuedDateTime",1,1,"",""
"EHDSDocument.attestation","EHDSDocument.attestation","","","",0,*,"","","","Base {[]} {[]}
","Attestation","Document attestation details","","","","","","","","","",,,,,"",,,,"EHDSDocument.attestation",0,*,"",""
"EHDSDocument.attestation.attester","EHDSDocument.attestation.attester","","","",1,1,"","","","https://www.xt-ehr.eu/specifications/fhir/StructureDefinition/EHDSHealthProfessional {[]} {[]}
","Attester","Attester who validated the document. Mulitple attesters could be provided.","","","","","","","","","",,,,,"",,,,"EHDSDocument.attestation.attester",1,1,"",""
"EHDSDocument.attestation.datetime","EHDSDocument.attestation.datetime","","","",1,1,"","","","dateTime {[]} {[]}
","DateTime","Date and time of the approval of the document by Attester.","","","","","","","","","",,,,,"",,,,"EHDSDocument.attestation.datetime",1,1,"",""
"EHDSDocument.legalAuthentication","EHDSDocument.legalAuthentication","","","",0,1,"","","","Base {[]} {[]}
","Legal authentication","Document legal authentication","","","","","","","","","",,,,,"",,,,"EHDSDocument.legalAuthentication",0,1,"",""
"EHDSDocument.legalAuthentication.legalAuthenticator","EHDSDocument.legalAuthentication.legalAuthenticator","","","",1,1,"","","","https://www.xt-ehr.eu/specifications/fhir/StructureDefinition/EHDSHealthProfessional {[]} {[]}
","Legal authenticator","The person taking responsibility for the medical content of the document","","","","","","","","","",,,,,"",,,,"EHDSDocument.legalAuthentication.legalAuthenticator",1,1,"",""
"EHDSDocument.legalAuthentication.datetime","EHDSDocument.legalAuthentication.datetime","","","",1,1,"","","","dateTime {[]} {[]}
","DateTime","Date and time when the document was authorized.","","","","","","","","","",,,,,"",,,,"EHDSDocument.legalAuthentication.datetime",1,1,"",""
"EHDSDocument.authorSpecialty","EHDSDocument.authorSpecialty","","","",0,*,"","","","CodeableConcept {[]} {[]}
","Specialty","Additional details about where the content was created (e.g. clinical specialty)","","","","","","","","","",,"preferred","SNOMED CT","","",,,,"EHDSDocument.authorSpecialty",0,*,"",""
"EHDSDocument.custodian","EHDSDocument.custodian","","","",1,1,"","","","https://www.xt-ehr.eu/specifications/fhir/StructureDefinition/EHDSOrganization {[]} {[]}
","Document custodian","Organisation that is in charge of maintaining the document/report.","","","","","","","","","",,,,,"",,,,"EHDSDocument.custodian",1,1,"",""
"EHDSDocument.documentFormat","EHDSDocument.documentFormat","","","",0,1,"","","","CodeableConcept {[]} {[]}
","Document format","An identifier of the document constraints, encoding, structure, and template that the document conforms to beyond the base format indicated in the mimeType.","","","","","","","","","",,"preferred","HL7 Document Format Codes","","",,,,"EHDSDocument.documentFormat",0,1,"",""
"EHDSDocument.knowledgeResources","EHDSDocument.knowledgeResources","","","",0,*,"","","","Base {[]} {[]}
","Related documents and information sources","Related documents and information sources","","","","","","","","","",,,,,"",,,,"EHDSDocument.knowledgeResources",0,*,"",""
"EHDSDocument.knowledgeResources.externalReference","EHDSDocument.knowledgeResources.externalReference","","","",0,*,"","","","RelatedArtifact {[]} {[]}
","...","...","","","","","","","","","",,,,,"",,,,"EHDSDocument.knowledgeResources.externalReference",0,*,"",""
"EHDSDocument.knowledgeResources.relatedTo","EHDSDocument.knowledgeResources.relatedTo","","","",0,*,"","","","Reference {[]} {[]}
","...","...","","","","","","","","","",,,,,"",,,,"EHDSDocument.knowledgeResources.relatedTo",0,*,"",""
