"Id","Path","Slice Name","Alias(s)","Label","Min","Max","Must Support?","Is Modifier?","Is Summary?","Type(s)","Short","Definition","Comments","Requirements","Default Value","Meaning When Missing","Fixed Value","Pattern","Example","Minimum Value","Maximum Value","Maximum Length","Binding Strength","Binding Description","Binding Value Set","Code","Slicing Discriminator","Slicing Description","Slicing Ordered","Slicing Rules","Base Path","Base Min","Base Max","Condition(s)","Constraint(s)","Mapping: RIM Mapping"
"EHDSDocument","EHDSDocument","","","",0,*,"","","","null {[]} {[]}
","EHDS document","Common elements for all EHDS document exchange.","","","","","","","","","",,,,,"",,,,"Base",0,*,"","","n/a"
"EHDSDocument.identifier","EHDSDocument.identifier","","","",1,*,"","","","Identifier {[]} {[]}
","Document ID","Unique identifier of the data object","","","","","","","","","",,,,,"",,,,"EHDSDataSet.identifier",0,*,"",""
"EHDSDocument.subject","EHDSDocument.subject","","","",0,1,"","","","https://www.xt-ehr.eu/specifications/fhir/StructureDefinition/EHDSPerson {[]} {[]}
","Subject","Patient/subject information","","","","","","","","","",,,,,"",,,,"EHDSDataSet.subject",0,1,"",""
"EHDSDocument.country","EHDSDocument.country","","","",0,1,"","","","CodeableConcept {[]} {[]}
","Country","Country of the data exchange initiator.","","","","","","","","","",,"preferred","ISO 3166","","",,,,"EHDSDataSet.country",0,1,"",""
"EHDSDocument.relatedPerson","EHDSDocument.relatedPerson","","","",0,*,"","","","BackboneElement {[]} {[]}
","Related person","Patient/subject guardian and related person information","","Some roles for the related person are essential for data access control. For example, the role of the guardian is essential for the data access control of a minor patient.","","","","","","","",,,,,"#A.1.2
",,,,"EHDSDataSet.relatedPerson",0,*,"","ele-1:All FHIR elements must have a @value or children {hasValue() or (children().count() > id.count())}
"
"EHDSDocument.relatedPerson.id","EHDSDocument.relatedPerson.id","","","",0,1,"","","","id {[]} {[]}
","Unique id for inter-element referencing","Unique id for the element within a resource (for internal references). This may be any string value that does not contain spaces.","","","","","","","","","",,,,,"",,,,"Element.id",0,1,"ele-1
","","n/a"
"EHDSDocument.relatedPerson.extension","EHDSDocument.relatedPerson.extension","","extensions
user content","",0,*,"","","","Extension {[]} {[]}
","Additional content defined by implementations","May be used to represent additional information that is not part of the basic definition of the element. To make the use of extensions safe and managable, there is a strict set of governance applied to the definition and use of extensions. Though any implementer can define an extension, there is a set of requirements that SHALL be met as part of the definition of the extension.","There can be no stigma associated with the use of extensions by any application, project, or standard - regardless of the institution or jurisdiction that uses or defines the extensions.  The use of extensions is what allows the FHIR specification to retain a core level of simplicity for everyone.","","","","","","","","",,,,,"","value:url}
","Extensions are always sliced by (at least) url",,"open","Element.extension",0,*,"","ele-1:All FHIR elements must have a @value or children {hasValue() or (children().count() > id.count())}
ext-1:Must have either extensions or value[x], not both {extension.exists() != value.exists()}","n/a"
"EHDSDocument.relatedPerson.modifierExtension","EHDSDocument.relatedPerson.modifierExtension","","extensions
user contentmodifiers","",0,*,"","Y","Y","Extension {[]} {[]}
","Extensions that cannot be ignored even if unrecognized","May be used to represent additional information that is not part of the basic definition of the element and that modifies the understanding of the element in which it is contained and/or the understanding of the containing element's descendants. Usually modifier elements provide negation or qualification. To make the use of extensions safe and managable, there is a strict set of governance applied to the definition and use of extensions. Though any implementer can define an extension, there is a set of requirements that SHALL be met as part of the definition of the extension. Applications processing a resource are required to check for modifier extensions.

Modifier extensions SHALL NOT change the meaning of any elements on Resource or DomainResource (including cannot change the meaning of modifierExtension itself).","There can be no stigma associated with the use of extensions by any application, project, or standard - regardless of the institution or jurisdiction that uses or defines the extensions.  The use of extensions is what allows the FHIR specification to retain a core level of simplicity for everyone.","Modifier extensions allow for extensions that *cannot* be safely ignored to be clearly distinguished from the vast majority of extensions which can be safely ignored.  This promotes interoperability by eliminating the need for implementers to prohibit the presence of extensions. For further information, see the [definition of modifier extensions](http://hl7.org/fhir/R5/extensibility.html#modifierExtension).","","","","","","","",,,,,"",,,,"BackboneElement.modifierExtension",0,*,"","ele-1:All FHIR elements must have a @value or children {hasValue() or (children().count() > id.count())}
ext-1:Must have either extensions or value[x], not both {extension.exists() != value.exists()}","N/A"
"EHDSDocument.relatedPerson.person","EHDSDocument.relatedPerson.person","","","",0,1,"","","","https://www.xt-ehr.eu/specifications/fhir/StructureDefinition/EHDSPerson {[]} {[]}
","Identification and description of the person","Identification and description of the contact person for that patient. This includes relatives, guardians, caring persons etc.","","","","","","","","","",,,,,"",,,,"EHDSDataSet.relatedPerson.person",0,1,"",""
"EHDSDocument.relatedPerson.relationship","EHDSDocument.relatedPerson.relationship","","","",0,1,"","","","CodeableConcept {[]} {[]}
","Relationship","The nature of the relationship between the patient and the related person.","","Some roles for the related person are essential for data access control. For example, the role of the guardian is essential for the data access control of a minor patient.","","","","","","","",,"preferred","HL7 RoleCode","","#C.13.3
",,,,"EHDSDataSet.relatedPerson.relationship",0,1,"",""
"EHDSDocument.authorship","EHDSDocument.authorship","","","",1,*,"","","","Base {[]} {[]}
","Authorship","Document/resource authoring details","","","","","","","","","",,,,,"",,,,"EHDSDataSet.authorship",1,*,"",""
"EHDSDocument.authorship.author","EHDSDocument.authorship.author","","","",1,1,"","","","https://www.xt-ehr.eu/specifications/fhir/StructureDefinition/EHDSHealthProfessional {[]} {[]}
","Author","Author by whom the resource was/were authored. Multiple authors could be provided.","","","","","","","","","",,,,,"#A.1.6.1
",,,,"EHDSDataSet.authorship.author",1,1,"",""
"EHDSDocument.authorship.datetime","EHDSDocument.authorship.datetime","","","",1,1,"","","","dateTime {[]} {[]}
","Date and time of authoring/issuing","Date and time of the issuing the document/resource by its author.","","","","","","","","","",,,,,"#A.1.6.2
",,,,"EHDSDataSet.authorship.datetime",1,1,"",""
"EHDSDocument.lastUpdate","EHDSDocument.lastUpdate","","","",0,1,"","","","dateTime {[]} {[]}
","Date and time of the last update to the data object","Date and time of the last update to the document/information","","","","","","","","","",,,,,"",,,,"EHDSDataSet.lastUpdate",0,1,"",""
"EHDSDocument.status","EHDSDocument.status","","","",1,1,"","","","CodeableConcept {[]} {[]}
","Status of the information","Status of the information","","","","","","","","","",,,,,"",,,,"EHDSDataSet.status",1,1,"",""
"EHDSDocument.version","EHDSDocument.version","","","",0,1,"","","","string {[]} {[]}
","Version","Business version of the data object.","","","","","","","","","",,,,,"",,,,"EHDSDataSet.version",0,1,"",""
"EHDSDocument.language","EHDSDocument.language","","","",0,1,"","","","CodeableConcept {[]} {[]}
","Language","Language in which the information is written. Language is expressed by the IETF language tag.","","","","","","","","","",,"preferred","BCP 47","","#A.1.9.12
",,,,"EHDSDataSet.language",0,1,"",""
"EHDSDocument.presentation","EHDSDocument.presentation","","","",1,*,"","","","Base {[]} {[]}
","Presentation form","The presentation of the data, e.g. a PDF document, a video, a text file, etc. In case of unstructured data, this is the actual content.","","","","","","","","","",,,,,"",,,,"EHDSDataSet.presentation",1,*,"",""
"EHDSDocument.presentation.author","EHDSDocument.presentation.author","","","",1,1,"","","","https://www.xt-ehr.eu/specifications/fhir/StructureDefinition/EHDSHealthProfessional {[]} {[]}
","Author","Author by whom the resource was/were authored. Multiple authors could be provided.","","","","","","","","","",,,,,"#A.1.6.1
",,,,"EHDSDataSet.presentation.author",1,1,"",""
"EHDSDocument.presentation.datetime","EHDSDocument.presentation.datetime","","","",1,1,"","","","dateTime {[]} {[]}
","Date and time of authoring/issuing","Date and time of the issuing the document/resource by its author.","","","","","","","","","",,,,,"#A.1.6.2
",,,,"EHDSDataSet.presentation.datetime",1,1,"",""
"EHDSDocument.documentType","EHDSDocument.documentType","","","",1,1,"","","","CodeableConcept {[]} {[]}
","Document type","Identifies the type of document at hand, e.g. Hospital discharge report.","","","","","","","","","",,"preferred","LOINC","","",,,,"EHDSDocument.documentType",1,1,"",""
"EHDSDocument.eventType","EHDSDocument.eventType","","","",0,*,"","","","CodeableConcept {[]} {[]}
","Event type","Categorization of the event covered by the document (e.g. laboratory study types, imaging study types including modality, etc.). Selection of such tags or labels depends on the use case and agreement betwen data sharing parties. This meta-data element serves primarily for searching and filtering purpuses.","","","","","","","","","",,"preferred","LOINC, SNOMED CT, dicom-cid-33-Modality","","",,,,"EHDSDocument.eventType",0,*,"",""
"EHDSDocument.documentTitle","EHDSDocument.documentTitle","","","",1,1,"","","","string {[]} {[]}
","Document title","Document title, such as Hospital Discharge Report, Laboratory Result Report, etc.","","","","","","","","","",,,,,"",,,,"EHDSDocument.documentTitle",1,1,"",""
"EHDSDocument.documentStatus","EHDSDocument.documentStatus","","","",1,1,"","","","CodeableConcept {[]} {[]}
","Document status","The status of the Hospital discharge report. E.g., preliminary, final.","","","","","","","","","",,"preferred","hl7:CompositionStatus","","",,,,"EHDSDocument.documentStatus",1,1,"",""
"EHDSDocument.period","EHDSDocument.period","","","",0,1,"","","","Period {[]} {[]}
","Period","Time of service that is being documented","","","","","","","","","",,,,,"",,,,"EHDSDocument.period",0,1,"",""
"EHDSDocument.issuedDateTime","EHDSDocument.issuedDateTime","","","",1,1,"","","","dateTime {[]} {[]}
","Report date and time","Date and time of the report creation.","","","","","","","","","",,,,,"",,,,"EHDSDocument.issuedDateTime",1,1,"",""
"EHDSDocument.attestation","EHDSDocument.attestation","","","",0,*,"","","","Base {[]} {[]}
","Attestation","Document attestation details","","","","","","","","","",,,,,"",,,,"EHDSDocument.attestation",0,*,"",""
"EHDSDocument.attestation.attester","EHDSDocument.attestation.attester","","","",1,1,"","","","https://www.xt-ehr.eu/specifications/fhir/StructureDefinition/EHDSHealthProfessional {[]} {[]}
","Attester","Attester who validated the document. Mulitple attesters could be provided.","","","","","","","","","",,,,,"",,,,"EHDSDocument.attestation.attester",1,1,"",""
"EHDSDocument.attestation.datetime","EHDSDocument.attestation.datetime","","","",1,1,"","","","dateTime {[]} {[]}
","DateTime","Date and time of the approval of the document by Attester.","","","","","","","","","",,,,,"",,,,"EHDSDocument.attestation.datetime",1,1,"",""
"EHDSDocument.legalAuthentication","EHDSDocument.legalAuthentication","","","",0,1,"","","","Base {[]} {[]}
","Legal authentication","Document legal authentication","","","","","","","","","",,,,,"",,,,"EHDSDocument.legalAuthentication",0,1,"",""
"EHDSDocument.legalAuthentication.legalAuthenticator","EHDSDocument.legalAuthentication.legalAuthenticator","","","",1,1,"","","","https://www.xt-ehr.eu/specifications/fhir/StructureDefinition/EHDSHealthProfessional {[]} {[]}
","Legal authenticator","The person taking responsibility for the medical content of the document","","","","","","","","","",,,,,"",,,,"EHDSDocument.legalAuthentication.legalAuthenticator",1,1,"",""
"EHDSDocument.legalAuthentication.datetime","EHDSDocument.legalAuthentication.datetime","","","",1,1,"","","","dateTime {[]} {[]}
","DateTime","Date and time when the document was authorized.","","","","","","","","","",,,,,"",,,,"EHDSDocument.legalAuthentication.datetime",1,1,"",""
"EHDSDocument.authorSpecialty","EHDSDocument.authorSpecialty","","","",0,*,"","","","CodeableConcept {[]} {[]}
","Specialty","Additional details about where the content was created (e.g. clinical specialty)","","","","","","","","","",,"preferred","SNOMED CT","","",,,,"EHDSDocument.authorSpecialty",0,*,"",""
"EHDSDocument.custodian","EHDSDocument.custodian","","","",1,1,"","","","https://www.xt-ehr.eu/specifications/fhir/StructureDefinition/EHDSOrganization {[]} {[]}
","Document custodian","Organisation that is in charge of maintaining the document/report.","","","","","","","","","",,,,,"",,,,"EHDSDocument.custodian",1,1,"",""
"EHDSDocument.documentFormat","EHDSDocument.documentFormat","","","",0,1,"","","","CodeableConcept {[]} {[]}
","Document format","An identifier of the document constraints, encoding, structure, and template that the document conforms to beyond the base format indicated in the mimeType.","","","","","","","","","",,"preferred","HL7 Document Format Codes","","",,,,"EHDSDocument.documentFormat",0,1,"",""
"EHDSDocument.knowledgeResources","EHDSDocument.knowledgeResources","","","",0,*,"","","","Base {[]} {[]}
","Related documents and information sources","Related documents and information sources","","","","","","","","","",,,,,"",,,,"EHDSDocument.knowledgeResources",0,*,"",""
"EHDSDocument.knowledgeResources.externalReference","EHDSDocument.knowledgeResources.externalReference","","","",0,*,"","","","Reference {[]} {[]}
","...","...","","","","","","","","","",,,,,"",,,,"EHDSDocument.knowledgeResources.externalReference",0,*,"",""
