"Id","Path","Slice Name","Alias(s)","Label","Min","Max","Must Support?","Is Modifier?","Is Summary?","Type(s)","Short","Definition","Comments","Requirements","Default Value","Meaning When Missing","Fixed Value","Pattern","Example","Minimum Value","Maximum Value","Maximum Length","Binding Strength","Binding Description","Binding Value Set","Code","Slicing Discriminator","Slicing Description","Slicing Ordered","Slicing Rules","Base Path","Base Min","Base Max","Condition(s)","Constraint(s)","Mapping: RIM Mapping"
"EHDSPerson","EHDSPerson","","","",0,*,"","","","null {[]} {[]}
","Person","EHDS refined base model for Patient/subject information","","","","","","","","","",,,,,"",,,,"Base",0,*,"","","n/a"
"EHDSPerson.personalIdentifier","EHDSPerson.personalIdentifier","","","",1,*,"","","","Identifier {[]} {[]}
","Personal identifier","An identifier of the patient that is unique within a defined scope. Example: National ID (birth number) or National patient identifier for the Czech patient. Multiple identifiers could be provided. ","","","","","","","","","",,,,,"",,,,"EHDSPerson.personalIdentifier",1,*,"",""
"EHDSPerson.name","EHDSPerson.name","","","",0,*,"","","","Base {[]} {[]}
","Name","Name associated with the patient/subject. Name might consist of name parts, e.g. Given name or names, family name/surname, name prefix etc.","","","","","","","","","",,,,,"",,,,"EHDSPerson.name",0,*,"",""
"EHDSPerson.dateOfBirth","EHDSPerson.dateOfBirth","","","",0,1,"","","","dateTime {[]} {[]}
","Date of birth","The date of birth of the patient [ISO TS 22220]. As age of the patient might be important for correct interpretation of the test result values, complete date of birth should be provided.","","","","","","","","","",,,,,"",,,,"EHDSPerson.dateOfBirth",0,1,"",""
"EHDSPerson.administrativeGender","EHDSPerson.administrativeGender","","","",0,1,"","","","CodeableConcept {[]} {[]}
","Administrative gender","This field must contain a recognized valid value for ""administrative gender"". If different, ""physiological gender"" should be communicated elsewhere. ","","","","","","","","","",,"preferred","HL7 Administrative Gender","","",,,,"EHDSPerson.administrativeGender",0,1,"",""
"EHDSPerson.address","EHDSPerson.address","","","",0,*,"","","","Base {[]} {[]}
","Address","Mailing and home or office addresses. The addresses are always sequences of address parts (e.g. street address line, country, ZIP code, city) even if postal address formats may vary depending on the country. An address may or may not include a specific use code; if this attribute is not present it is assumed to be the default address useful for any purpose.","","","","","","","","","",,,,,"",,,,"EHDSPerson.address",0,*,"",""
"EHDSPerson.telecom","EHDSPerson.telecom","","","",0,*,"","","","Base {[]} {[]}
","Telecom","Telecommunication contact information (addresses) associated to a person. Multiple telecommunication addresses might be provided.","","","","","","","","","",,,,,"",,,,"EHDSPerson.telecom",0,*,"",""
"EHDSPerson.maritalStatus","EHDSPerson.maritalStatus","","","",0,1,"","","","CodeableConcept {[]} {[]}
","Marital status","Marital (civil) status of a person","","","","","","","","","",,"preferred","HL7 marital-status","","",,,,"EHDSPerson.maritalStatus",0,1,"",""
"EHDSPerson.citizenship","EHDSPerson.citizenship","","","",0,*,"","","","CodeableConcept {[]} {[]}
","Citizenship (nationality)","Citizenship/nationality of the person.","","","","","","","","","",,"preferred","ISO 3166-1-2","","",,,,"EHDSPerson.citizenship",0,*,"",""
"EHDSPerson.communicationLanguage","EHDSPerson.communicationLanguage","","","",0,*,"","","","CodeableConcept {[]} {[]}
","Communication language","The language which can be used to communicate with the patient about his or her health.","","","","","","","","","",,"preferred","BCP 47","","",,,,"EHDSPerson.communicationLanguage",0,*,"",""
